game,vblanks,wall_s,load,speed,psx,gte,gpu,poly,hle,spu,mdec,cd
"Spyro the Dragon",3600,61.46,41.39,0.98,15.63,0.00,10.87,0.00,2.47,1.18,0.00,7.32
"Crash Bandicoot 3 - Warped",3600,61.05,43.27,0.98,20.75,0.00,11.35,0.00,5.22,5.13,0.00,1.33
"Crash Team Racing",3600,61.17,34.91,0.98,16.46,0.00,6.36,0.00,2.41,3.23,0.00,3.98
"Crash Bash",3600,61.45,43.26,0.98,18.78,0.00,13.22,0.00,2.54,4.36,0.00,1.78
"Ape Escape",3600,60.89,26.39,0.99,12.51,0.00,3.73,0.00,7.20,1.76,0.00,3.31
"Medievil",3600,61.15,58.68,0.98,15.22,0.00,23.31,0.00,2.17,1.13,2.81,7.84
"Final Fantasy VII",3600,63.37,38.21,0.95,12.72,0.00,9.92,0.00,1.97,2.21,0.00,0.57
"Gex",3600,60.77,33.92,0.99,9.34,0.00,4.79,0.00,1.46,1.12,6.26,7.52
"Frogger",3600,61.01,37.25,0.98,12.36,0.00,6.14,0.00,1.62,1.14,4.02,7.72
"Micro Machines V3",3600,61.74,40.42,0.97,12.67,0.00,9.56,0.00,3.43,2.17,5.51,5.55
"Point Blank",3600,60.82,38.32,0.99,9.43,0.00,6.89,0.00,0.86,1.22,7.16,8.14
