id,date,game,purpose,build,settings,dsp_lle,frames,guest_s,vblanks,speed,idle_pct,hw_gpu_pct,spu_pct,out_us,conv_us,tile_us,mdec_us,cd_reads,cd_worst_us,cdpf_hit,cdpf_miss,audio,audio_s,audio_rms_db,audio_gaps
2026-09-20_spyro_cpu_hold,2026-09-21,Spyro the Dragon,"audio: CPU path, Hold resampler (the pre-resampler output, byte-identical); LLE+frames on","954be31 (WIP resampler tree, pre-merge)",settings_res0.cfg,1,1,87.3,3793,0.724,13.0,66.2,1.15,0,0,0,0,6603,5151,0,0,audio.flac,100.9,-23.8,112
2026-09-20_spyro_cpu_linear,2026-09-21,Spyro the Dragon,"audio: CPU path, Linear resampler; LLE+frames on","954be31 (WIP resampler tree, pre-merge)",settings_res1.cfg,1,1,87.4,3793,0.724,12.9,66.2,1.26,0,0,0,0,6603,5165,0,0,audio.flac,99.8,-23.7,113
2026-09-20_spyro_cpu_cubic,2026-09-21,Spyro the Dragon,"audio: CPU path, Cubic resampler; LLE+frames on","954be31 (WIP resampler tree, pre-merge)",settings_res2.cfg,1,1,87.6,3793,0.721,12.8,66.0,1.66,0,0,0,0,6603,5172,0,0,audio.flac,99.6,-23.7,112
2026-09-20_spyro_cpu_cubic_fullspeed,2026-09-21,Spyro the Dragon,"audio+perf: CPU path Cubic, no LLE, no frames; the reference the user heard as clean","954be31 (WIP resampler tree, pre-merge)",settings_res2.cfg,0,0,87.6,3793,0.721,12.8,65.6,1.66,934534,0,0,0,6603,5171,0,0,audio.flac,100.2,-23.7,112
2026-09-20_spyro_dsp_hold_knownbad,2026-09-21,Spyro the Dragon,KNOWN BAD: DSP path with 4096-byte AESND buffers -> one 2.7 ms hole per buffer (~1800 gaps); reference for the short-gap detector,"954be31 (WIP resampler tree, pre-merge)",settings_dsp_res0.cfg,1,0,87.6,3793,0.722,12.9,66.4,0.60,0,0,0,0,6603,5199,0,0,audio.flac,99.9,-23.9,1785
2026-09-20_spyro_dsp_hold,2026-09-21,Spyro the Dragon,audio: DSP path Hold after the whole-chunk buffer fix; gaps back to the game's own,"954be31 (WIP resampler tree, pre-merge)",settings_dsp_res0.cfg,1,0,87.6,3793,0.721,12.9,66.3,0.63,0,0,0,0,6603,5192,0,0,audio.flac,100.5,-23.7,108
2026-09-20_spyro_dsp_cubic,2026-09-21,Spyro the Dragon,audio: DSP path Cubic after the buffer fix (voice at 48 kHz),"954be31 (WIP resampler tree, pre-merge)",settings_dsp_res2.cfg,1,0,88.3,3793,0.716,12.7,65.9,1.51,800179,0,0,0,6603,5199,0,0,audio.flac,95.5,-23.5,110
2026-09-21_spyro_texk,2026-09-21,Spyro the Dragon,"perf: texk probes, gameplay script, no LLE/frames; CLUT+tiling 0.9%, hw_gpu 66%",05b1372 + uncommitted storage/probe changes of 2026-09-21,settings_res0.cfg,0,0,87.9,3793,0.719,13.6,65.6,0.95,405025,421793,371928,0,6603,5355,0,0,,,,
2026-09-21_medievil_intro,2026-09-21,Medievil,"perf: texk probes, idle through intro FMV; MDEC 4.4%",05b1372 + uncommitted storage/probe changes of 2026-09-21,settings_res0.cfg,0,0,57.6,3304,0.955,29.2,37.1,1.16,352387,12833,9175,2516241,7343,9111,0,0,,,,
2026-09-21_crash3_plain,2026-09-21,Crash Bandicoot 3,"perf: plain 120 s boot-and-idle; SPU 7.8% with reverb, hw_gpu 43%",05b1372 + uncommitted storage/probe changes of 2026-09-21,settings_res0.cfg,0,0,75.2,3822,0.847,19.7,43.4,7.76,408088,112608,99147,0,1231,782,0,0,,,,
2026-09-21_ff7_plain,2026-09-21,Final Fantasy VII,"perf: plain 120 s boot-and-idle at the title; textures 4.4%, 26% sub-texture misses",05b1372 + uncommitted storage/probe changes of 2026-09-21,settings_res0.cfg,0,0,83.9,3430,0.681,40.7,13.8,2.27,366232,2033360,1657046,0,462,5479,0,0,,,,
2026-09-21_spyro_cdpf_v1,2026-09-21,Spyro the Dragon,storage: read-ahead ON but thread opened the .cue (reads=0); 64 KB buffers; frames on. Superseded by the fixed run,05b1372 + uncommitted storage/probe changes of 2026-09-21,settings_cdpf.cfg,0,1,88.9,3793,0.711,13.2,64.9,1.21,634799,421888,371994,0,6603,5029,0,6603,,,,
2026-09-21_crash3_idle,2026-09-21,Crash Bandicoot 3,"demo check: 170 s idle with frames; title at ~15 s, gameplay attract demo ~35-53 s, back to title; sheet in media",05b1372 + uncommitted storage/probe changes of 2026-09-21,settings_res0.cfg,0,1,153.0,8117,0.884,16.9,44.0,8.04,866539,1658299,1305216,0,3195,1295,0,0,,,,
2026-09-21_ff7_idle,2026-09-21,Final Fantasy VII,"demo check: 170 s idle with frames; title at ~15 s then a staff-credits roll over the logo from ~20 s on (no FMV, no gameplay); texture-streaming heavy",05b1372 + uncommitted storage/probe changes of 2026-09-21,settings_res0.cfg,0,1,143.9,7030,0.814,51.1,11.5,5.48,749702,5894425,4774834,0,462,5213,0,0,,,,
2026-09-21_spyro_cdpf,2026-09-21,Spyro the Dragon,"storage: read-ahead ON (fixed), 64 KB buffers, 4 CHD hunks; 6592 hits / 11 misses; wall+vblanks identical to control",05b1372 + uncommitted storage/probe changes of 2026-09-21 (read-ahead path fix),settings_cdpf.cfg,0,0,88.8,3793,0.712,13.2,64.9,1.21,635453,421727,371871,0,6603,9564,6592,11,,,,
2026-09-21_frogger_ctrl,2026-09-21,Frogger (1997),"storage CONTROL: defaults (16 KB, read-ahead off); split-track cue with CD-DA; 170 s idle (title then demo levels)",05b1372 + uncommitted storage/probe changes of 2026-09-21 (read-ahead path fix),settings_res0.cfg,0,0,106.4,5775,0.905,29.9,37.8,1.42,616347,8512959,7770173,3614052,13229,3178,0,0,,,,
2026-09-21_frogger_cdpf,2026-09-21,Frogger (1997),"storage: read-ahead ON (fixed), 64 KB per-handle buffers; 13211 hits / 18 misses; wall+vblanks identical to control; read path total_us 216 ms vs 343. Replaces the v1 run whose thread had opened the .cue",05b1372 + uncommitted storage/probe changes of 2026-09-21 (read-ahead path fix),settings_cdpf.cfg,0,0,106.4,5775,0.905,29.7,37.8,1.76,968069,8512919,7769849,3614889,13229,8825,13211,18,,,,
chain_all_20260922_pre,2026-09-22,All 11 (chain),First eleven-game chained run; debug build before the OpenGX probe gate fix; OpenGX per-draw probes still on,3864b6c,,?,?,60.3,3600,0.996,44.6,23.0,1.67,601145,0,0,6770248,8728,4573,0,0,,,,
chain_all_20260922,2026-09-22,All 11 (chain),"Eleven-game chained run, debug build with every probe on and the OpenGX probe gate fixed: the reference for the GPU and CPU plans",3864b6c,,?,?,60.3,3600,0.996,44.6,22.9,1.67,601421,0,0,6771740,8728,4581,0,0,,,,
chain_carry_20260922_pre,2026-09-22,"FF7, Medievil, FF7, FF7 (carry.txt)","state carried between chained games, before the fix: later FF7s rcnt 67870 desync 1",627af35+probes,,?,?,50.8,2400,0.787,44.0,15.8,2.34,400861,781074,631794,0,462,10819,0,0,,,,
chain_carry_20260922,2026-09-22,"FF7, Medievil, FF7, FF7 (carry.txt)","after 372a470: every FF7 row equal (rcnt 60359, desync 0, avail G=1000)",372a470,,?,?,50.8,2400,0.787,44.0,15.8,2.33,398448,780387,631503,0,462,10225,0,0,,,,
chain_ff7x3_20260922,2026-09-22,FF7 x3 (ff7x3.txt),after 372a470: three FF7 rows equal,372a470,,?,?,50.9,2400,0.787,44.0,15.8,2.33,398526,780970,631894,0,462,10697,0,0,,,,
hw_chain_all_20260928,2026-09-28,All 11 (chain),"First hardware run of the eleven-game chain (bench Wii, PMC build: PMC1 cycles, PMC2 instructions). 10 of 11 games at full speed; FF7 0.86. platform: hardware",e2c24bb,,?,?,60.8,3600,0.986,59.8,8.7,1.22,407455,0,0,4376453,8728,15643,0,0,,,,
hw_chain_lc_ab_20260928,2026-09-28,"Spyro + Crash Bash, LockedCache 0 vs 3 (chain)",First hardware A/B of the locked-cache regions (spu-gauss + tex-tile). platform: hardware,e2c24bb,,?,?,61.5,3600,0.976,56.4,13.4,4.41,388690,562899,527190,0,1493,21599,0,0,,,,
hw_ff7_deep_20260928,2026-09-28,Final Fantasy VII (chain),"FF7 alone, deep probes, before the one-pass 16-bit upload. platform: hardware",e2c24bb,,?,?,70.1,3600,0.856,55.6,12.3,2.12,383446,2304175,1787585,0,462,24002,0,0,,,,
hw_ff7_deep_new_20260928,2026-09-28,Final Fantasy VII (chain),"FF7 alone, deep probes, with the one-pass 16-bit upload (upload 10.9 -> 7.7 s, 0.86 -> 0.90x). platform: hardware",34413f9,,?,?,67.0,3600,0.896,58.4,12.7,2.21,383001,2228958,1704626,0,462,24807,0,0,,,,
hw_chain_all2_20260928,2026-09-28,All 11 (chain),"Eleven-game chain on the bench Wii after the day's GPU fixes (one-pass 16-bit upload, no movie memset, VRAM loop on locals, off-screen skip). FF7 0.86 -> 0.95x; GPU share down in all 11. PMC build. platform: hardware",c48bb7d,,?,?,60.8,3600,0.986,61.7,6.9,1.22,402278,0,0,4357345,8728,15763,0,0,,,,
hw_cbash_ref_20260928,2026-09-28,Crash Bash (chain),"Crash Bash to vblank 3450 with an XFB dump at 3400, before the semi-scratch fix. platform: hardware",c48bb7d,,?,?,60.2,3450,0.955,54.1,13.0,4.58,369371,507000,473177,0,1493,21693,0,0,,,,
hw_cbash_semi_20260928,2026-09-28,Crash Bash (chain),"Crash Bash to vblank 3450, XFB at 3400, with the semi-scratch fix (tiling 473 -> 74 ms, XFB identical). platform: hardware",0b2876e,,?,?,59.8,3450,0.961,55.1,12.4,4.61,369246,106700,73684,0,1493,21626,0,0,,,,
hw_ff7_mirror_20260929,2026-09-29,Final Fantasy VII (chain),"FF7 alone on the bench Wii with partial screen uploads while the EFB mirrors VRAM (0fbe257): upload 6.48 -> 4.05 s, GPU share 11.9 -> 6.8%, 0.93 -> 0.95x. Deep build. platform: hardware",0fbe257,,?,?,63.1,3600,0.951,68.8,6.8,2.32,380289,17260,12396,0,462,24451,0,0,,,,
hw_gte_old_20260930,2026-09-30,"GTE chain (Spyro, Crash 3, CTR, Crash Bash)","hardware: GTE A/B, A = current gte.c (deep build, a7c329a+dirty)",a7c329a,,?,?,61.4,3600,0.977,56.3,13.1,4.76,385961,12235,9239,0,1493,22855,0,0,,,,
hw_gte_new_20260930,2026-09-30,"GTE chain (Spyro, Crash 3, CTR, Crash Bash)","hardware: GTE A/B, B = upstream gte.c port 8c387b8+8950ac8+77b4dd3+3778ed3 (deep build); +12-16% GTE time, identical VRAM",a7c329a,,?,?,61.4,3600,0.977,56.1,13.0,4.75,383482,12219,9226,0,1493,21522,0,0,,,,
hw_spyro_lightning_20261001,2026-10-01,Spyro the Dragon (demos 75 s),"hardware: Lightning optimizer skips (8610af3): optimize 317 -> 170 ms, compile 1008 -> 870 ms, world-entry stall 287 -> 247 ms lost (vblanks 4141-4176); emitted code identical to upstream",8610af3,,?,?,76.4,4499,0.981,56.7,12.1,1.31,485899,135474,97786,0,10220,23499,0,0,,,,
hw_spyro_pool_20261001,2026-10-01,Spyro the Dragon (demos 75 s),"hardware: Lightning first node pool 128 and patches 64 (was 1024/1024): nodes 367 -> 141 ms, new_state 55 -> 21 ms, compile 870 -> 608 ms; world-entry stall 247 -> 176 ms lost",5c5220a,,?,?,76.3,4499,0.983,57.0,12.2,1.31,486442,133988,96285,0,10220,23530,0,0,,,,
